"title,company,link"
Principal Backend Engineer - Rails,"FortressIQ
                ",https://stackoverflow.com/jobs/431807/principal-backend-engineer-rails-fortressiq
"Software Engineer, Ruby/Rails","Red Canary
                ",https://stackoverflow.com/jobs/481206/software-engineer-ruby-rails-red-canary
"Senior Software Engineer, Ruby/Rails","Red Canary
                ",https://stackoverflow.com/jobs/481203/senior-software-engineer-ruby-rails-red-canary
Backend Engineer (Ruby on Rails),"CompanyCam, Inc
                ",https://stackoverflow.com/jobs/399501/backend-engineer-ruby-on-rails-companycam-inc
Full Stack Developer at Health Startup (Elixir / Ruby),"BetterDoc
                ",https://stackoverflow.com/jobs/474740/full-stack-developer-at-health-startup-elixir-betterdoc
Experienced Full-stack Rails Developer,"BloodHub
                ",https://stackoverflow.com/jobs/145818/experienced-full-stack-rails-developer-bloodhub
Full-stack engineer (JS + Ruby),"Almanac
                ",https://stackoverflow.com/jobs/371120/full-stack-engineer-js-plus-ruby-almanac
Ruby Developer,,https://stackoverflow.com/jobs/482074/ruby-developer-intellum
Senior Software Engineer Rails/Elm/React,"HubTran Inc.
                ",https://stackoverflow.com/jobs/410103/senior-software-engineer-rails-elm-react-hubtran-inc
Lead Developer (Rails/React),"1848 Ventures
                ",https://stackoverflow.com/jobs/481226/lead-developer-rails-react-1848-ventures
Sr. Software Engineer - Ruby - Telehealth / Telemedicine,"VisuWell
                ",https://stackoverflow.com/jobs/487286/sr-software-engineer-ruby-telehealth-visuwell
Ruby on Rails Team Lead,"CivicPlus/Icon Enterprises/the hidden job
                ",https://stackoverflow.com/jobs/497331/ruby-on-rails-team-lead-civicplus-icon-enterprises
Senior Ruby on Rails Software Engineer,"Leadfeeder
                ",https://stackoverflow.com/jobs/463020/senior-ruby-on-rails-software-engineer-leadfeeder
Senior Backend Engineer (Ruby on Rails),"Files.com
                ",https://stackoverflow.com/jobs/282423/senior-backend-engineer-ruby-on-rails-filescom
Ruby on Rails Software Engineer,"Leadfeeder
                ",https://stackoverflow.com/jobs/469533/ruby-on-rails-software-engineer-leadfeeder
Software Engineer (Ruby on Rails),"Kotis Design
                ",https://stackoverflow.com/jobs/483516/software-engineer-ruby-on-rails-kotis-design
Full Stack Developer - Ruby / React,"Forward Financing
                ",https://stackoverflow.com/jobs/472420/full-stack-developer-ruby-react-forward-financing
Full Stack Ruby on Rails Developer,"vMOX
                ",https://stackoverflow.com/jobs/116743/full-stack-ruby-on-rails-developer-vmox
Ruby Engineer,"Bold Penguin
                ",https://stackoverflow.com/jobs/482945/ruby-engineer-bold-penguin
Ruby on Rails Developer,"DemystData
                ",https://stackoverflow.com/jobs/496046/ruby-on-rails-developer-demystdata
Fullstack Developer (Rails/React),"1848 Ventures
                ",https://stackoverflow.com/jobs/481220/fullstack-developer-rails-react-1848-ventures
Ruby Engineer,"Bold Penguin
                ",https://stackoverflow.com/jobs/191831/ruby-engineer-bold-penguin
Mid - Senior Software Developer (Ruby on Rails),"ScoutAPM
                ",https://stackoverflow.com/jobs/496624/mid-senior-software-developer-ruby-on-rails-scoutapm
Engineering Manager - Ruby on Rails,"ScoutAPM
                ",https://stackoverflow.com/jobs/498479/engineering-manager-ruby-on-rails-scoutapm
Senior Rails Developer,"Marketcircle
                ",https://stackoverflow.com/jobs/470409/senior-rails-developer-marketcircle
Senior Software Engineer (Ruby on Rails + React),Loomly,https://weworkremotely.com//company/loomly
Senior Full Stack Developer (Ruby on Rails) - Remote (Central and South America only),Xprt,https://weworkremotely.com//company/xprt
Intermediate Ruby on Rails Developer,We Work Remotely,https://weworkremotely.com//company/we-work-remotely
Full Stack Ruby on Rails Software Engineer,Real House SRL,https://weworkremotely.com//company/real-house-srl
Senior Ruby on Rails Engineer,Reviewshake,https://weworkremotely.com//company/reviewshake
Software Engineer (Ruby on Rails / JavaScript),TaxJar,https://weworkremotely.com//company/taxjar
Jobandalent is looking for Ruby on Rails Engineer,Jobandtalent,https://weworkremotely.com//company/jobandtalent
Lead Ruby on Rails Engineer (React.js),Aha!,https://weworkremotely.com//company/aha
Sr. Ruby on Rails Engineer (React.js),Aha!,https://weworkremotely.com//company/aha
Senior Software Engineer – Ruby on Rails,SimpleMDM,https://weworkremotely.com//company/simplemdm
A Very Good Ruby on Rails Developer,Sanctuary Computer,https://weworkremotely.com//company/sanctuary-computer
Software Engineer (Ruby / React),LeadSimple Inc.,https://weworkremotely.com//company/leadsimple-inc
"Lead Full-Stack Engineer (Ruby, JS, Elixir)",TalentWall,https://weworkremotely.com//company/talentwall
"Ruby on Rails Developer – Remote, Full-time",Toptal,https://weworkremotely.com//company/toptal
Senior Software Engineer - Ruby/Elm/React,HubTran,https://weworkremotely.com//company/hubtran
Senior Ruby Integration Developer,Silverfin,https://weworkremotely.com//company/silverfin
Senior Ruby Engineer,Silverfin,https://weworkremotely.com//company/silverfin
Backend Engineer (Ruby on Rails),CompanyCam,https://weworkremotely.com//company/companycam
Full Stack Ruby & Javascript developer for an HR SaaS,HR Partner,https://weworkremotely.com//company/hr-partner
Senior Full-Stack Ruby on Rails Engineer,Wealthbox,https://weworkremotely.com//company/wealthbox
Lead / Senior Ruby on Rails Developer,Farmgirl Flowers,https://weworkremotely.com//company/farmgirl-flowers
Sr Software Engineer (Ruby on Rails),Printavo,https://weworkremotely.com//company/printavo
"Senior Software Engineer - Elixir / Node / Ruby (Team Lead, Remote)",Equisolve,https://weworkremotely.com//company/equisolve
Senior Software Engineer (Ruby/Rails/JS),Doximity,https://weworkremotely.com//company/doximity
Full Stack Ruby Engineer,Showcase IDX,https://weworkremotely.com//remote-jobs/showcase-idx-full-stack-ruby-engineer
Jnr/Mid level Full Stack Ruby Developer for Growing (Remote) Start Up,Bluethumb,https://weworkremotely.com//listings/bluethumb-jnr-mid-level-full-stack-ruby-developer-for-growing-remote-start-up
Senior Ruby Engineer ,Share Local Media,https://weworkremotely.com//remote-jobs/share-local-media-senior-ruby-engineer
Senior Ruby on Rails Engineer (APAC Candidates),Hometime,https://weworkremotely.com//remote-jobs/hometime-senior-ruby-on-rails-engineer-apac-candidates
Ruby on Rails Developer,Bergamotte,https://weworkremotely.com//remote-jobs/bergamotte-ruby-on-rails-developer
Ruby on Rails Developer,Power Home Remodeling,https://weworkremotely.com//remote-jobs/power-home-remodeling-ruby-on-rails-developer
Ruby on Rails / React Software Engineer,User Interviews,https://weworkremotely.com//remote-jobs/user-interviews-ruby-on-rails-react-software-engineer-2
Senior Ruby + React Engineer,Hubstaff,https://weworkremotely.com//company/hubstaff
Full Stack Ruby on Rails Developer,Whooo's Reading,https://weworkremotely.com//company/whooo-s-reading
Senior Back-end Ruby Engineer - Remote,Tucows,https://weworkremotely.com//company/tucows
Ruby on Rails Engineer - India - 100% Remote,BigBinary,https://weworkremotely.com//remote-jobs/bigbinary-ruby-on-rails-engineer-india-100-remote-1
Sr. Software Engineer - Ruby on Rails,Shogun,https://weworkremotely.com//company/shogun
Senior Software Engineer - Ruby on Rails,SureSwift Capital,https://weworkremotely.com//remote-jobs/sureswift-capital-senior-software-engineer-ruby-on-rails-1
Software Engineer - Ruby on Rails,Shogun,https://weworkremotely.com//company/shogun
Ruby on Rails Developer,Bit Zesty,https://weworkremotely.com//company/bit-zesty
Senior Ruby on Rails Developer (E.U. Based),X-Team,https://weworkremotely.com//company/x-team
Sr. Full-stack Engineer (Ruby on Rails),RemoteLock,https://weworkremotely.com//company/remotelock
(RUBY / JS) FULL STACK ENGINEER ,Railsware,https://weworkremotely.com//remote-jobs/railsware-ruby-js-full-stack-engineer
Ruby on Rails developer,Beema,https://weworkremotely.com//company/beema
Ruby On Rails Developer - MachineTools.com,MachineTools.com,https://weworkremotely.com//remote-jobs/machinetools-com-ruby-on-rails-developer-machinetools-com
Software Engineer Backend,Promoboxx,https://remoteok.io//remote-jobs/101900-remote-software-engineer-backend-promoboxx
,Podia,https://remoteok.io//remote-jobs/101875-remote-rails-developer-podia
Ruby on Rails Developer,ThymeBase,https://remoteok.io//remote-jobs/101791-remote-ruby-on-rails-developer-thymebase
Full Stack Rails Developer,HelloText,https://remoteok.io//remote-jobs/101771-remote-full-stack-rails-developer-hellotext
DevOps Engineer,Kontist,https://remoteok.io//remote-jobs/101122-remote-devops-engineer-kontist
Engineer #4,TravelJoy,https://remoteok.io//remote-jobs/101118-remote-engineer-4-traveljoy
Full Stack Software Engineer,Quantic School of Business and Technology ,https://remoteok.io//remote-jobs/101706-remote-full-stack-software-engineer-quantic-school-of-business-and-technology
,LeadSimple,https://remoteok.io//remote-jobs/101622-remote-react-rails-software-engineer-leadsimple
,Odd Camp,https://remoteok.io//remote-jobs/101563-remote-back-end-developer-ruby-on-rails-odd-camp
Senior Software Engineer Marketing,Github,https://remoteok.io//remote-jobs/101559-remote-senior-software-engineer-marketing-github
,Doximity,https://remoteok.io//remote-jobs/101530-remote-software-engineer-full-stack-doximity
,Doximity,https://remoteok.io//remote-jobs/101497-remote-site-reliability-engineer-doximity
,Platform.sh,https://remoteok.io//remote-jobs/101477-remote-customer-support-engineer-platform-sh
Full Stack Developer,SalonInteractive,https://remoteok.io//remote-jobs/101449-remote-full-stack-developer-saloninteractive
,Railsware,https://remoteok.io//remote-jobs/101399-remote-full-stack-engineer-railsware
Lead Developer,Powerpal,https://remoteok.io//remote-jobs/101373-remote-lead-developer-powerpal
Senior Ruby Engineer,ClubZap,https://remoteok.io//remote-jobs/101343-remote-senior-ruby-engineer-clubzap
Senior Rails Developer,Afrikrea,https://remoteok.io//remote-jobs/101306-remote-senior-rails-developer-afrikrea
Ruby on Rails Developer,ThymeBase,https://remoteok.io//remote-jobs/101302-remote-ruby-on-rails-developer-thymebase
Senior Ruby Integration Developer,Silverfin,https://remoteok.io//remote-jobs/101228-remote-senior-ruby-integration-developer-silverfin
Senior Ruby Engineer,Silverfin,https://remoteok.io//remote-jobs/101100-remote-senior-ruby-engineer-silverfin
Senior Software Developer,Shopify,https://remoteok.io//remote-jobs/100776-remote-senior-software-developer-shopify
Ruby on Rails Developer,ThymeBase,https://remoteok.io//remote-jobs/100720-remote-ruby-on-rails-developer-thymebase
, FitBark,https://remoteok.io//remote-jobs/100613-remote-senior-backend-engineer-fitbark
Software Engineer,AlphaSights,https://remoteok.io//remote-jobs/100445-remote-software-engineer-alphasights
Senior Backend Developer,JetCake,https://remoteok.io//remote-jobs/100439-remote-senior-backend-developer-jetcake
Security Engineer,Aha!,https://remoteok.io//remote-jobs/100246-remote-security-engineer-aha
Senior Software Engineer,Trainual,https://remoteok.io//remote-jobs/100055-remote-senior-software-engineer-trainual
,ChartMogul,https://remoteok.io//remote-jobs/100043-remote-senior-backend-engineer-chartmogul
Senior Ruby on Rails Developer,ThymeBase,https://remoteok.io//remote-jobs/99939-remote-senior-ruby-on-rails-developer-thymebase
Senior Developer,Toptal,https://remoteok.io//remote-jobs/99898-remote-senior-developer-toptal
Sr Software Engineer React React Native,Very LLC,https://remoteok.io//remote-jobs/99730-remote-sr-software-engineer-react-react-native-very-llc
Full Stack Developer,Belighted,https://remoteok.io//remote-jobs/99548-remote-full-stack-developer-belighted
,MeetEdgar,https://remoteok.io//remote-jobs/99495-remote-p-t-full-stack-developer-meetedgar
,Oyster,https://remoteok.io//remote-jobs/99374-remote-senior-ruby-developer-oyster
,Aha!,https://remoteok.io//remote-jobs/99284-remote-sr-security-engineer-ruby-on-rails-aha
,Netdata Inc,https://remoteok.io//remote-jobs/99258-remote-senior-software-engineer-netdata-inc
Lead back end developer,Simpleweb,https://remoteok.io//remote-jobs/99178-remote-lead-back-end-developer-simpleweb
Freelance Backend Developer,Toptal,https://remoteok.io//remote-jobs/99118-remote-freelance-backend-developer-remote-toptal
,Aha!,https://remoteok.io//remote-jobs/99104-remote-senior-ruby-on-rails-engineer-aha
Senior Software Engineer,Jungle Scout,https://remoteok.io//remote-jobs/99102-remote-senior-software-engineer-jungle-scout
React Rails Engineer,Oddball,https://remoteok.io//remote-jobs/99009-remote-react-rails-engineer-oddball
Senior Ruby on Rails Developer,Checkout X,https://remoteok.io//remote-jobs/98996-remote-senior-ruby-on-rails-developer-checkout-x
,Clutch Prep,https://remoteok.io//remote-jobs/98961-remote-full-stack-software-engineer-clutch-prep
Web Developer,SalonInteractive,https://remoteok.io//remote-jobs/98442-remote-web-developer-saloninteractive
,Baremetrics,https://remoteok.io//remote-jobs/98387-remote-senior-backend-engineer-baremetrics
Fullstack Ruby on Rails Developer,Checkout X,https://remoteok.io//remote-jobs/97057-remote-fullstack-ruby-on-rails-developer-checkout-x
Senior Rails Developer,YourGrocer.com.au,https://remoteok.io//remote-jobs/97045-remote-senior-rails-developer-yourgrocer-com-au
Senior Front End Ruby on Rails Engineer,Aha!,https://remoteok.io//remote-jobs/97039-remote-senior-front-end-ruby-on-rails-engineer-aha
Ruby on Rails Engineer react.js,Aha!,https://remoteok.io//remote-jobs/97037-remote-ruby-on-rails-engineer-react-js-remote-aha
Software Engineer,Babylist,https://remoteok.io//remote-jobs/97029-remote-sr-software-engineer-backend-babylist
Engineering Manager,Babylist,https://remoteok.io//remote-jobs/97027-remote-engineering-manager-babylist
Full Stack Developer,Reva Media ApS,https://remoteok.io//remote-jobs/96918-remote-full-stack-developer-ruby-on-rails-reva-media-aps
Software Engineer SRE,Doximity,https://remoteok.io//remote-jobs/96904-remote-software-engineer-sre-doximity
Expert Ruby on Rails Engineer,Booster Apps,https://remoteok.io//remote-jobs/86717-remote-expert-ruby-on-rails-engineer-booster-apps
Software Engineer Security,Doximity,https://remoteok.io//remote-jobs/86398-remote-software-engineer-security-doximity
Software Engineer,"PrintWithMe, Inc.",https://remoteok.io//remote-jobs/86265-remote-software-engineer-printwithme-inc
,Codelitt,https://remoteok.io//remote-jobs/85728-remote-senior-ruby-on-rails-engineer-codelitt
Ruby on Rails Developer,Remotesome,https://remoteok.io//remote-jobs/85722-remote-ruby-on-rails-developer-remotesome
Security Engineer Ruby on Rails,Aha!,https://remoteok.io//remote-jobs/85618-remote-sr-security-engineer-ruby-on-rails-aha
Lead Ruby on Rails Engineer,Aha!,https://remoteok.io//remote-jobs/85611-remote-lead-ruby-on-rails-engineer-aha
Ruby on Rails Developer,PipelineDeals,https://remoteok.io//remote-jobs/85401-remote-ruby-on-rails-developer-pipelinedeals
Software Developer,Ollie Order,https://remoteok.io//remote-jobs/85395-remote-software-developer-ollie-order
,Toptal,https://remoteok.io//remote-jobs/84762-remote-freelance-ruby-on-rails-developer-toptal
Security Engineer,Aha!,https://remoteok.io//remote-jobs/84647-remote-sr-security-engineer-ruby-on-rails-aha
Lead Ruby on Rails Engineer,Aha!,https://remoteok.io//remote-jobs/84645-remote-lead-ruby-on-rails-engineer-aha
Senior Full Stack Developer,Bitbond,https://remoteok.io//remote-jobs/84641-remote-senior-full-stack-developer-bitbond
,Belighted,https://remoteok.io//remote-jobs/84518-remote-ruby-on-rails-developer-belighted
Ruby on Rails Stimulus.js,Fintechdb,https://remoteok.io//remote-jobs/84461-remote-ruby-on-rails-and-stimulus-js-fintechdb
Lead Backend Developer,Kokoon Technology Ltd,https://remoteok.io//remote-jobs/84313-remote-lead-backend-developer-remote-kokoon-technology-ltd
,Tyne Solutions,https://remoteok.io//remote-jobs/84136-remote-ruby-on-rails-software-developer-tyne-solutions
,TidyHQ,https://remoteok.io//remote-jobs/83934-remote-frontend-developer-tidyhq
Full Stack Developer,Uscreen,https://remoteok.io//remote-jobs/83028-remote-full-stack-developer-uscreen
Ruby on Rails Engineer,Clevertech,https://remoteok.io//remote-jobs/81430-remote-ruby-on-rails-engineer-clevertech
ELK Stack Developer,Atlastix,https://remoteok.io//remote-jobs/77164-remote-elk-stack-developer-atlastix
Fullstack Engineer,CAtapult,https://remoteok.io//remote-jobs/77076-remote-fullstack-engineer-catapult
Senior Full Stack Developer,Quimbee,https://remoteok.io//remote-jobs/76972-remote-senior-full-stack-developer-quimbee
Full Stack Front End Focused Engineer,Tempest,https://remoteok.io//remote-jobs/76958-remote-full-stack-front-end-focused-engineer-tempest
Full Stack Developer,MeetEdgar,https://remoteok.io//remote-jobs/76846-remote-full-stack-developer-meetedgar
Fullstack Engineer,Upright Labs,https://remoteok.io//remote-jobs/76668-remote-fullstack-engineer-rails-react-upright-labs
Backend Full Stack Engineer,Headway,https://remoteok.io//remote-jobs/76516-remote-backend-full-stack-engineer-headway
Software Engineer Full Stack,Doximity,https://remoteok.io//remote-jobs/76493-remote-software-engineer-full-stack-doximity
Senior Ruby Developer,Volders GmbH,https://remoteok.io//remote-jobs/76402-remote-senior-ruby-developer-remote-or-berlin-volders-gmbh
Principal Engineer,ChartMogul,https://remoteok.io//remote-jobs/76351-remote-principal-engineer-chartmogul
Product Manager Data Platform,ChartMogul,https://remoteok.io//remote-jobs/76343-remote-product-manager-data-platform-chartmogul
Full Stack Senior Level Engineer,Empire Flippers,https://remoteok.io//remote-jobs/76303-remote-full-stack-senior-level-engineer-empire-flippers
,Baremetrics,https://remoteok.io//remote-jobs/76188-remote-software-engineer-data-accuracy-baremetrics
,Intrinio,https://remoteok.io//remote-jobs/75836-remote-senior-ruby-engineer-intrinio
Full Stack Developer,ThymeBase,https://remoteok.io//remote-jobs/75614-remote-full-stack-developer-thymebase
Senior Ruby On Rails Engineer Top Indian Consultancy,BigBinary,https://remoteok.io//remote-jobs/75489-remote-senior-ruby-on-rails-engineer-top-indian-consultancy-bigbinary
Senior Ruby on Rails Engineer,Aha!,https://remoteok.io//remote-jobs/75383-remote-senior-ruby-on-rails-engineer-aha
Senior Backend Engineer,Smile.io,https://remoteok.io//remote-jobs/75310-remote-senior-backend-engineer-smile-io
